iter;residual_norm;error_norm
1;0.0038306;2.95489e-05
2;3.32937e-06;3.71025e-09
3;3.29055e-09;2.63452e-12
4;3.51146e-12;2.38018e-15
