iter;residual_norm;error_norm
1;0.141152;1.32929e-05
2;0.000198058;1.96743e-08
3;4.43155e-07;4.47535e-11
4;1.09618e-09;1.11623e-13
5;2.97472e-12;3.31073e-16
