iter;residual_norm;error_norm
0;201.396;2.19445
1;44.9686;0.301645
2;9.32472;0.0413911
3;1.81853;0.0055409
4;0.341123;0.000598348
5;0.0622299;9.88041e-05
6;0.0111112;0.000186313
7;0.00194957;0.000198806
8;0.00033705;0.000200526
9;5.7523e-05;0.000200762
10;9.7046e-06;0.000200794
11;1.62015e-06;0.000200798
12;2.67915e-07;0.000200799
13;4.38969e-08;0.000200799
14;7.15639e-09;0.000200799
