iter;residual_norm
0;8.9933
1;0.316446
2;0.0111369
3;0.000391997
4;1.37983e-05
5;4.8572e-07
6;1.7098e-08
7;6.01242e-10
